{
  "map": 0.6124718596565811,
  "recip_rank": 0.6124718596565811,
  "recall_5": 0.7556451612903226,
  "recall_10": 0.8032258064516129,
  "recall_15": 0.8169354838709677,
  "recall_20": 0.8306451612903226,
  "recall_30": 0.842741935483871,
  "recall_100": 0.8701612903225806
}