{
  "map": 0.31642216916822735,
  "recip_rank": 0.31642216916822735,
  "recall_5": 0.387409200968523,
  "recall_10": 0.4245359160613398,
  "recall_15": 0.4447134786117837,
  "recall_20": 0.45682001614205003,
  "recall_30": 0.47134786117836963,
  "recall_100": 0.536723163841808
}