{
  "map": 0.6587661699130991,
  "recip_rank": 0.6587661699130991,
  "recall_5": 0.7901533494753834,
  "recall_10": 0.8426150121065376,
  "recall_15": 0.8571428571428571,
  "recall_20": 0.8684422921711057,
  "recall_30": 0.8748991121872478,
  "recall_100": 0.8934624697336562
}