{
  "map": 0.6862765783029073,
  "recip_rank": 0.6862765783029073,
  "recall_5": 0.7645161290322581,
  "recall_10": 0.7766129032258065,
  "recall_15": 0.7846774193548387,
  "recall_20": 0.7862903225806451,
  "recall_30": 0.7935483870967742,
  "recall_100": 0.8096774193548387
}