{
  "map": 0.6832661290322583,
  "recip_rank": 0.6832661290322583,
  "recall_5": 0.7645161290322581,
  "recall_10": 0.7645161290322581,
  "recall_15": 0.7645161290322581,
  "recall_20": 0.7645161290322581,
  "recall_30": 0.7645161290322581,
  "recall_100": 0.7645161290322581
}